82f9ba22-dff3-4ef5-9892-1a99315f8bb4,"Navigator, The",1
63063bc6-92b6-4698-872f-2e1269d35314,"Last Legion, The",1
044828bd-22d7-4d22-bfdb-61413125b37a,Daniel,1
95076f5e-e67e-4f62-9dd5-6631bd1d05e9,Ganes,1
70e4b46f-9bcd-42bf-af52-a29fc2afaac3,Maps to the Stars,1
60b20bb9-d185-4963-8df9-a95f18334862,V,1
96d087e7-0026-40c1-9642-b80a70988c7d,"Facing Windows (Finestra di fronte, La)",1
f5c4e9d9-dd90-4829-bae6-fb37f258c14f,"Five, The (Gonin)",1
240d8479-0579-4628-8b31-e38f14d7eefa,Love at First Fight,1
3edb5133-faed-4b16-a7b3-24c7b310b948,But Forever in My Mind,1
4ba0d88e-54df-4d84-b4f8-f83349129565,Cass Timberlane,1
0a9e4336-5147-4baf-be01-d633372f5821,Rentun Ruusu,1
2a4677f2-3f2b-4bdf-baca-b3d4a76ac3cc,Superbad,1
100fdfbf-e5ea-48f8-bf43-aa46670a8c96,Stars in Shorts,1
ea360676-83f6-4dfe-8048-6d7e911db55e,Magnificent Bodyguards (Fei du juan yun shan),1
5fc92f17-4b06-4c43-b300-35ec7497a040,"He Said, She Said",1
b679e68f-e29a-4166-9449-e3c1c7f6cf1a,"American Friend, The (Amerikanische Freund, Der)",1
b8363d8f-2ec5-4572-b405-9a84f6afda6a,Dirigible,1
28adf1fa-32fc-4b1e-9518-216b8f8f8bf1,"Confucian Confusion, A (Du li shi dai)",1
67c78959-bbfc-41d2-a36f-19085abac130,"Star Chamber, The",1
271e2ecb-a49b-4811-9673-4b04be97a2f2,"Love Movie, The (Rakkauselokuva)",1
b6f551ac-a8df-49d0-b8f2-91a684186464,Argo,1
f7a3ab40-9029-418b-9906-4808b82b6915,Br√ºno (Bruno),1
7c092737-c35e-4596-99f2-37e6988d73bc,Going Down in LA-LA Land,1
53484363-fe78-4552-81b0-50c823b3e5f7,Huckleberry Finn,1